gene,row
A2M,1
ABCB1,2
ABCB11,3
ABCB4,4
ABCC1,5
ABCC3,6
ABCF1,7
ABI1,8
ABL2,9
ACAA1,10
ACACA,11
ACAD8,12
ACADL,13
ACADM,14
ACD,15
ACKR3,16
ACO1,17
ACOX1,18
ACOX2,19
ACOX3,20
ACP1,21
ACSL1,22
ACSL3,23
ACSL4,24
ACSL5,25
ACSL6,26
ACSS1,27
ACSS2,28
ACTB,29
ACTG1,30
ACTG2,31
ACTN1,32
ACTN2,33
ACTN3,34
ACTN4,35
ACVR1,36
ACVR1B,37
ACVR1C,38
ACVR2A,39
ACVR2B,40
ADAM10,41
ADCY1,42
ADGRB1,43
ADGRE5,44
ADGRL2,45
ADH1A,46
ADH1B,47
ADH1C,48
ADH4,49
ADH5,50
ADH6,51
ADH7,52
ADIPOQ,53
ADORA3,54
ADPGK,55
AFF2,56
AFF3,57
AFF4,58
AGER,59
AGRN,60
AHCTF1,61
AHNAK,62
AHR,63
AHSG,64
AIF1,65
AIFM1,66
AIMP1,67
AKAP9,68
AKR1A1,69
AKT1,70
AKT2,71
AKT3,72
ALDH1A3,73
ALDH1B1,74
ALDH2,75
ALDH3A1,76
ALDH3A2,77
ALDH3B1,78
ALDH3B2,79
ALDH7A1,80
ALDH9A1,81
ALDOA,82
ALDOB,83
ALDOC,84
ALK,85
ALOX15,86
ALOX5,87
AMER1,88
AMH,89
AMHR2,90
AMOT,91
ANAPC1,92
ANAPC10,93
ANAPC11,94
ANAPC13,95
ANAPC2,96
ANAPC4,97
ANAPC5,98
ANAPC7,99
ANGPTL4,100
ANK3,101
ANXA1,102
AOAH,103
AOC3,104
AOX1,105
APAF1,106
APC,107
APC2,108
APCS,109
APEX1,110
APEX2,111
APOA1,112
APOA2,113
APOA5,114
APOC3,115
APOL2,116
APOL3,117
APPL1,118
AQP7,119
AQR,120
AR,121
ARAF,122
ARAP3,123
AREG,124
ARFGAP1,125
ARFGAP3,126
ARFGEF1,127
ARHGAP26,128
ARHGAP29,129
ARHGAP35,130
ARHGAP5,131
ARHGEF2,132
ARHGEF6,133
ARID2,134
ARID4A,135
ARID4B,136
ARID5B,137
ARNT,138
ARNT2,139
ARNTL,140
ARRB1,141
ARRB2,142
ASH1L,143
ASPM,144
ASPSCR1,145
ASXL1,146
ASXL2,147
ASXL3,148
ATF1,149
ATF2,150
ATF4,151
ATIC,152
ATP2B3,153
ATP6AP2,154
ATRN,155
ATRX,156
AXIN1,157
AXIN2,158
AZU1,159
B4GALT1,160
BAD,161
BAIAP2,162
BAX,163
BAZ2B,164
BBC3,165
BCAR1,166
BCL11A,167
BCL11B,168
BCL2L1,169
BCL3,170
BCL7A,171
BCL9,172
BCOR,173
BDKRB1,174
BDKRB2,175
BDNF,176
BID,177
BIRC2,178
BIRC5,179
BLM,180
BLNK,181
BMP2,182
BMP4,183
BMP5,184
BMP6,185
BMP7,186
BMP8A,187
BMP8B,188
BMPR1A,189
BMPR1B,190
BMPR2,191
BNC2,192
BPGM,193
BPTF,194
BRAF,195
BRCA1,196
BRIP1,197
BRWD1,198
BTC,199
BTG1,200
BTK,201
BTRC,202
BUB1,203
BUB3,204
C3,205
C3AR1,206
C4A,207
C4B,208
C5,209
CAB39,210
CAB39L,211
CACNA1A,212
CACNA1B,213
CACNA1C,214
CACNA1E,215
CACNA1F,216
CACNA1G,217
CACNA1H,218
CACNA1I,219
CACNA1S,220
CACNA2D1,221
CACNA2D2,222
CACNA2D3,223
CACNA2D4,224
CACNB1,225
CACNB2,226
CACNB3,227
CACNB4,228
CACNG1,229
CACNG2,230
CACNG3,231
CACNG4,232
CACNG5,233
CACNG6,234
CACNG7,235
CACNG8,236
CACYBP,237
CAD,238
CAMK2A,239
CAMK2B,240
CAMK2D,241
CAMK2G,242
CANT1,243
CAPN1,244
CAPN2,245
CAPN7,246
CARD11,247
CARD18,248
CARM1,249
CARS,250
CASC5,251
CASP1,252
CASP10,253
CASP3,254
CASP6,255
CASP7,256
CASP8,257
CASP9,258
CAST,259
CAT,260
CAV1,261
CAV2,262
CAV3,263
CBFA2T3,264
CBFB,265
CBLB,266
CBLC,267
CCAR1,268
CCDC6,269
CCL1,270
CCL11,271
CCL13,272
CCL14,273
CCL15,274
CCL16,275
CCL17,276
CCL18,277
CCL19,278
CCL2,279
CCL20,280
CCL21,281
CCL22,282
CCL23,283
CCL24,284
CCL25,285
CCL26,286
CCL27,287
CCL28,288
CCL3,289
CCL3L1,290
CCL3L3,291
CCL4,292
CCL4L1,293
CCL4L2,294
CCL5,295
CCL7,296
CCL8,297
CCNA1,298
CCNA2,299
CCNB1,300
CCNB1IP1,301
CCNB2,302
CCNB3,303
CCND1,304
CCND2,305
CCNE1,306
CCNE2,307
CCNG1,308
CCNG2,309
CCNH,310
CCR1,311
CCR10,312
CCR2,313
CCR3,314
CCR4,315
CCR5,316
CCR6,317
CCR7,318
CCR8,319
CCR9,320
CCT5,321
CD14,322
CD163,323
CD180,324
CD19,325
CD22,326
CD24,327
CD244,328
CD247,329
CD27,330
CD274,331
CD28,332
CD36,333
CD3D,334
CD3E,335
CD3G,336
CD4,337
CD40,338
CD40LG,339
CD44,340
CD47,341
CD48,342
CD70,343
CD72,344
CD74,345
CD79A,346
CD79B,347
CD81,348
CD82,349
CD8A,350
CD8B,351
CDC14A,352
CDC14B,353
CDC16,354
CDC20,355
CDC23,356
CDC25A,357
CDC25B,358
CDC25C,359
CDC26,360
CDC27,361
CDC42,362
CDC45,363
CDC6,364
CDC7,365
CDC73,366
CDH1,367
CDH11,368
CDH12,369
CDK1,370
CDK12,371
CDK2,372
CDK4,373
CDK6,374
CDK7,375
CDKN1B,376
CDKN1C,377
CDKN2B,378
CDKN2D,379
CDO1,380
CEBPA,381
CEBPB,382
CEP290,383
CEP89,384
CER1,385
CETN2,386
CFLAR,387
CHAD,388
CHCHD7,389
CHD1L,390
CHD3,391
CHD4,392
CHD6,393
CHD8,394
CHD9,395
CHEK1,396
CHIC2,397
CHN1,398
CHP1,399
CHP2,400
CHRD,401
CHST1,402
CHST2,403
CHST4,404
CHUK,405
CIC,406
CIITA,407
CISH,408
CKS1B,409
CLASP2,410
CLCC1,411
CLCF1,412
CLEC7A,413
CLIP1,414
CLOCK,415
CLP1,416
CLSPN,417
CLTC,418
CNOT1,419
CNOT3,420
CNOT4,421
CNR2,422
CNTF,423
CNTFR,424
CNTNAP1,425
COL11A1,426
COL11A2,427
COL1A1,428
COL1A2,429
COL2A1,430
COL3A1,431
COL4A1,432
COL4A2,433
COL4A4,434
COL4A6,435
COL5A1,436
COL5A2,437
COL5A3,438
COL6A1,439
COL6A2,440
COL6A3,441
COL6A6,442
COMP,443
COPS2,444
COX6C,445
CPT1A,446
CPT1B,447
CPT1C,448
CPT2,449
CR2,450
CREB1,451
CREB3L1,452
CREB3L2,453
CREBBP,454
CRH,455
CRK,456
CRKL,457
CRLF2,458
CRNKL1,459
CRP,460
CRTC3,461
CSDE1,462
CSF1,463
CSF1R,464
CSF2,465
CSF2RA,466
CSF2RB,467
CSF3,468
CSH1,469
CSNK1A1,470
CSNK1A1L,471
CSNK1E,472
CSNK1G3,473
CSNK2A1,474
CSNK2A2,475
CSNK2B,476
CTBP1,477
CTBP2,478
CTCF,479
CTF1,480
CTLA4,481
CTNNA1,482
CTNNA2,483
CTNNA3,484
CTNNBIP1,485
CTNND1,486
CTTN,487
CUL1,488
CUL2,489
CUL3,490
CUL4A,491
CUL4B,492
CUX1,493
CX3CL1,494
CX3CR1,495
CXCL1,496
CXCL10,497
CXCL11,498
CXCL12,499
CXCL13,500
CXCL14,501
CXCL16,502
CXCL2,503
CXCL3,504
CXCL5,505
CXCL6,506
CXCL8,507
CXCL9,508
CXCR1,509
CXCR2,510
CXCR3,511
CXCR4,512
CXCR5,513
CXCR6,514
CXXC4,515
CYBA,516
CYBB,517
CYCS,518
CYLD,519
CYP27A1,520
CYP4A11,521
CYP4A22,522
CYP4F11,523
CYP7A1,524
CYP8B1,525
CYSLTR1,526
CYTH4,527
DAAM1,528
DAAM2,529
DAG1,530
DAPK1,531
DAPK2,532
DAPK3,533
DAPP1,534
DBF4,535
DBI,536
DCLRE1C,537
DCN,538
DCTN1,539
DDB1,540
DDB2,541
DDIT3,542
DDIT4,543
DDX3X,544
DDX5,545
DEK,546
DEPDC1B,547
DFFA,548
DFFB,549
DHX15,550
DHX35,551
DHX9,552
DIAPH1,553
DICER1,554
DKC1,555
DKK1,556
DKK2,557
DKK4,558
DLAT,559
DLD,560
DLG1,561
DNMT1,562
DNMT3A,563
DOCK1,564
DUSP1,565
DUSP10,566
DUSP14,567
DUSP16,568
DUSP2,569
DUSP3,570
DUSP4,571
DUSP5,572
DUSP6,573
DUSP7,574
DUSP8,575
DUSP9,576
DVL1,577
DVL2,578
DVL3,579
E2F1,580
E2F2,581
E2F3,582
E2F4,583
E2F5,584
EBF1,585
ECSIT,586
EDA,587
EDA2R,588
EDAR,589
EDNRA,590
EEF1A1,591
EEF1B2,592
EFTUD2,593
EGF,594
EGFR,595
EGLN1,596
EGLN2,597
EGLN3,598
EHHADH,599
EI24,600
EIF1AX,601
EIF2AK3,602
EIF3E,603
EIF4B,604
EIF4E,605
EIF4E1B,606
EIF4E2,607
EIF4EBP1,608
EIF4G1,609
EIF4G3,610
ELF4,611
ELK1,612
ELK4,613
ELN,614
ELOB,615
ELOC,616
EML4,617
ENDOG,618
ENO1,619
ENO2,620
ENO3,621
EPAS1,622
EPC1,623
EPHA1,624
EPHA3,625
EPHA4,626
EPHB2,627
EPHX2,628
EPO,629
EPOR,630
ERAS,631
ERBB2,632
ERBB3,633
ERBB4,634
ERC1,635
ERCC1,636
ERCC2,637
ERCC3,638
ERCC4,639
ERCC6,640
ERCC8,641
EREG,642
ESPL1,643
ETNK1,644
ETS1,645
ETV1,646
ETV4,647
ETV6,648
EXO1,649
EXOG,650
EXT1,651
EXT2,652
EZH2,653
F11R,654
F2,655
F2R,656
F8,657
FABP1,658
FABP2,659
FABP3,660
FABP4,661
FABP5,662
FABP6,663
FABP7,664
FADD,665
FADS2,666
FAF1,667
FAM123B,668
FAM131B,669
FAM46C,670
FANCA,671
FANCD2,672
FANCF,673
FANCG,674
FANCI,675
FARP2,676
FAS,677
FASLG,678
FAT2,679
FBP1,680
FBP2,681
FBXO11,682
FBXW11,683
FCER1G,684
FCGR2B,685
FCGR3A,686
FCGR3B,687
FCRL4,688
FEN1,689
FER,690
FEV,691
FGF1,692
FGF10,693
FGF11,694
FGF12,695
FGF13,696
FGF14,697
FGF16,698
FGF17,699
FGF18,700
FGF19,701
FGF2,702
FGF20,703
FGF21,704
FGF22,705
FGF23,706
FGF3,707
FGF4,708
FGF5,709
FGF6,710
FGF7,711
FGF8,712
FGF9,713
FGFR1,714
FGFR1OP,715
FGFR2,716
FGFR4,717
FH,718
FKBP5,719
FLCN,720
FLNA,721
FLNB,722
FLNC,723
FLT1,724
FLT3LG,725
FLT4,726
FMR1,727
FN1,728
FNBP1,729
FOS,730
FOSL1,731
FOXA1,732
FOXA2,733
FOXC1,734
FOXC2,735
FOXO4,736
FOXP1,737
FPR2,738
FRAT1,739
FRAT2,740
FRG1,741
FST,742
FUS,743
FXR1,744
FYN,745
FZD1,746
FZD10,747
FZD2,748
FZD3,749
FZD4,750
FZD5,751
FZD6,752
FZD7,753
FZD8,754
FZD9,755
FZR1,756
G3BP1,757
G3BP2,758
G6PC2,759
GAB1,760
GADD45A,761
GADD45B,762
GADD45G,763
GAL,764
GALM,765
GAPDH,766
GAS7,767
GATA1,768
GATA3,769
GCK,770
GDF5,771
GDF6,772
GDF7,773
GH1,774
GH2,775
GHR,776
GK,777
GK2,778
GLI1,779
GLI2,780
GLI3,781
GMPS,782
GNA12,783
GNAI1,784
GNAS,785
GNG12,786
GNG2,787
GOLGA5,788
GP1BA,789
GP1BB,790
GP5,791
GP6,792
GP9,793
GPC3,794
GPHN,795
GPI,796
GPR68,797
GPS2,798
GPSM2,799
GRAP2,800
GRB2,801
GRIN2A,802
GSC2,803
GSK3A,804
GSK3B,805
GSTP1,806
GTF2H1,807
GTF2H2,808
GTF2H3,809
GTF2H4,810
GTF2H5,811
GTSE1,812
GZMB,813
H3F3A,814
H3F3B,815
HBEGF,816
HCFC1,817
HCST,818
HDAC1,819
HDAC2,820
HDAC3,821
HDAC4,822
HDAC5,823
HDAC9,824
HERPUD1,825
HES1,826
HES2,827
HES3,828
HEY1,829
HGF,830
HHIP,831
HIF1A,832
HIP1,833
HIST1H3B,834
HIST1H4I,835
HK1,836
HK2,837
HK3,838
HLA-A,839
HLA-C,840
HLA-E,841
HLA-G,842
HLF,843
HMGA2,844
HMGB1,845
HMGCS2,846
HMMR,847
HNF1A,848
HNRNPA2B1,849
HOOK3,850
HOXA11,851
HOXA13,852
HOXA9,853
HOXC11,854
HOXC13,855
HOXD11,856
HOXD13,857
HRAS,858
HRH1,859
HRH4,860
HSP90AA1,861
HSP90B1,862
HSPA1A,863
HSPA1B,864
HSPA1L,865
HSPA2,866
HSPA6,867
HSPA8,868
HSPB1,869
IBSP,870
ICAM1,871
ICAM2,872
ICOS,873
ID2,874
ID4,875
IDH1,876
IDH2,877
IDO1,878
IFITM1,879
IFNA1,880
IFNA10,881
IFNA13,882
IFNA14,883
IFNA16,884
IFNA17,885
IFNA2,886
IFNA21,887
IFNA4,888
IFNA5,889
IFNA6,890
IFNA7,891
IFNA8,892
IFNAR2,893
IFNB1,894
IFNE,895
IFNG,896
IFNGR2,897
IFNK,898
IFNL1,899
IFNL2,900
IFNL3,901
IFNLR1,902
IFNW1,903
IGF1,904
IGF1R,905
IGFBP3,906
IGFBP4,907
IKBKB,908
IKBKG,909
IKZF1,910
IL10,911
IL10RA,912
IL10RB,913
IL11,914
IL11RA,915
IL12A,916
IL12B,917
IL12RB1,918
IL12RB2,919
IL13,920
IL13RA1,921
IL13RA2,922
IL15,923
IL15RA,924
IL17A,925
IL17B,926
IL17D,927
IL17F,928
IL17RA,929
IL17RB,930
IL18,931
IL18R1,932
IL18RAP,933
IL19,934
IL1A,935
IL1B,936
IL1R1,937
IL1R2,938
IL1RAP,939
IL1RN,940
IL20,941
IL20RA,942
IL20RB,943
IL21,944
IL21R,945
IL22,946
IL22RA1,947
IL22RA2,948
IL23A,949
IL23R,950
IL24,951
IL25,952
IL26,953
IL27,954
IL2RA,955
IL2RB,956
IL2RG,957
IL3,958
IL36A,959
IL3RA,960
IL4,961
IL4R,962
IL5,963
IL5RA,964
IL6,965
IL6R,966
IL6ST,967
IL7,968
IL7R,969
IL9,970
IL9R,971
ILK,972
INHBA,973
INHBB,974
INHBC,975
INHBE,976
INPP4A,977
INPP5D,978
INPPL1,979
INS,980
INSR,981
IQGAP1,982
IRAK1,983
IRAK2,984
IRAK3,985
IRAK4,986
IREB2,987
IRF2,988
IRF4,989
IRF6,990
IRF7,991
IRF9,992
IRGM,993
IRS2,994
ITCH,995
ITGA1,996
ITGA10,997
ITGA11,998
ITGA2,999
ITGA2B,1000
ITGA3,1001
ITGA4,1002
ITGA5,1003
ITGA6,1004
ITGA7,1005
ITGA8,1006
ITGA9,1007
ITGAL,1008
ITGAV,1009
ITGB1,1010
ITGB2,1011
ITGB3,1012
ITGB4,1013
ITGB5,1014
ITGB6,1015
ITGB7,1016
ITGB8,1017
ITIH4,1018
ITK,1019
ITSN1,1020
JAK2,1021
JAZF1,1022
JMJD7-PLA2G4B,1023
JMY,1024
JUND,1025
JUP,1026
KALRN,1027
KAT6A,1028
KAT6B,1029
KDM5A,1030
KDM5C,1031
KDM6A,1032
KDM6B,1033
KIAA1549,1034
KIAA1598,1035
KIF5B,1036
KIR2DL1,1037
KIR2DL2,1038
KIR2DL3,1039
KIR2DL4,1040
KIR2DS1,1041
KIR2DS3,1042
KIR2DS4,1043
KIR2DS5,1044
KIR3DL1,1045
KIR3DL2,1046
KITLG,1047
KL,1048
KLF6,1049
KLK2,1050
KLK3,1051
KLKB1,1052
KLRC1,1053
KLRC2,1054
KLRC3,1055
KLRD1,1056
KLRG1,1057
KLRK1,1058
KMT2C,1059
KMT2D,1060
KNG1,1061
KRAS,1062
KTN1,1063
LAMA1,1064
LAMA2,1065
LAMA3,1066
LAMA4,1067
LAMA5,1068
LAMB1,1069
LAMB2,1070
LAMB3,1071
LAMB4,1072
LAMC1,1073
LAMC2,1074
LAMC3,1075
LAMTOR3,1076
LARP4B,1077
LASP1,1078
LAT,1079
LBP,1080
LCP1,1081
LCP2,1082
LDHA,1083
LDHAL6A,1084
LDHAL6B,1085
LDHB,1086
LDHC,1087
LEFTY1,1088
LEFTY2,1089
LEP,1090
LEPR,1091
LHFP,1092
LIAS,1093
LIF,1094
LIFR,1095
LIG1,1096
LIG3,1097
LILRB3,1098
LIMA1,1099
LIPA,1100
LMNA,1101
LMO1,1102
LMO2,1103
LMO7,1104
LNPEP,1105
LPL,1106
LRIG3,1107
LRP1,1108
LRP10,1109
LRP11,1110
LRP12,1111
LRP1B,1112
LRP2,1113
LRP3,1114
LRP4,1115
LRP5,1116
LRP6,1117
LRP8,1118
LRPPRC,1119
LSM14A,1120
LTA,1121
LTA4H,1122
LTB4R,1123
LTBP1,1124
LTBR,1125
LY75,1126
LY86,1127
LY96,1128
LYN,1129
LYZ,1130
MACF1,1131
MAD1L1,1132
MAD2L1,1133
MAD2L2,1134
MAF,1135
MAFB,1136
MAGI2,1137
MALAT1,1138
MAP2K1,1139
MAP2K3,1140
MAP2K4,1141
MAP2K5,1142
MAP2K6,1143
MAP3K1,1144
MAP3K11,1145
MAP3K12,1146
MAP3K14,1147
MAP3K2,1148
MAP3K20,1149
MAP3K3,1150
MAP3K4,1151
MAP3K5,1152
MAP3K6,1153
MAP3K7,1154
MAP3K8,1155
MAP4K1,1156
MAP4K2,1157
MAP4K3,1158
MAP4K4,1159
MAPK10,1160
MAPK11,1161
MAPK12,1162
MAPK13,1163
MAPK14,1164
MAPK3,1165
MAPK7,1166
MAPK8,1167
MAPK8IP1,1168
MAPK8IP2,1169
MAPK8IP3,1170
MAPK9,1171
MAPKAPK2,1172
MAPKAPK3,1173
MAPKAPK5,1174
MAPT,1175
MAT2A,1176
MAX,1177
MBD2,1178
MBD4,1179
MBL2,1180
MCM2,1181
MCM3,1182
MCM4,1183
MCM5,1184
MCM6,1185
MCM7,1186
MCM8,1187
MDM2,1188
MDM4,1189
ME1,1190
MECOM,1191
MED12,1192
MED17,1193
MED23,1194
MED24,1195
MEF2C,1196
MEFV,1197
MEN1,1198
MET,1199
MFNG,1200
MGLL,1201
MGMT,1202
MICA,1203
MICB,1204
MIF,1205
MITF,1206
MKL1,1207
MKNK1,1208
MKNK2,1209
MLF1,1210
MLH1,1211
MLH3,1212
MLL,1213
MLLT10,1214
MLLT11,1215
MLLT3,1216
MLLT4,1217
MLLT6,1218
MLST8,1219
MMP1,1220
MMP16,1221
MMP2,1222
MMP25,1223
MMP3,1224
MMP7,1225
MMP9,1226
MNAT1,1227
MNDA,1228
MNX1,1229
MOS,1230
MPG,1231
MRAS,1232
MRE11,1233
MS4A2,1234
MSH2,1235
MSH3,1236
MSH6,1237
MSI2,1238
MSN,1239
MSR1,1240
MTCP1,1241
MUC1,1242
MUC20,1243
MYC,1244
MYCN,1245
MYD88,1246
MYH10,1247
MYH11,1248
MYH14,1249
MYL12A,1250
MYL12B,1251
MYL2,1252
MYL5,1253
MYL7,1254
MYL9,1255
MYLK,1256
MYLK2,1257
MYLK3,1258
MYO5A,1259
MYOD1,1260
NAB2,1261
NACA,1262
NANOG,1263
NAP1L1,1264
NBN,1265
NCAM1,1266
NCF2,1267
NCK1,1268
NCK2,1269
NCKAP1,1270
NCKIPSD,1271
NCOA1,1272
NCOA2,1273
NCOA3,1274
NCOA4,1275
NCOR1,1276
NCOR2,1277
NCR1,1278
NCR2,1279
NCR3,1280
NDRG1,1281
NDST1,1282
NECTIN1,1283
NECTIN2,1284
NECTIN3,1285
NECTIN4,1286
NEDD4L,1287
NEIL1,1288
NEIL2,1289
NEIL3,1290
NF1,1291
NFAT5,1292
NFATC1,1293
NFATC2,1294
NFATC3,1295
NFATC4,1296
NFE2L1,1297
NFE2L2,1298
NFKB1,1299
NFKB2,1300
NFKBIA,1301
NFKBIB,1302
NFKBID,1303
NFKBIZ,1304
NFRKB,1305
NFX1,1306
NGF,1307
NGFR,1308
NIN,1309
NKD1,1310
NKD2,1311
NKX2-1,1312
NKX3-1,1313
NLK,1314
NLRC4,1315
NLRP3,1316
NMI,1317
NOD1,1318
NODAL,1319
NOG,1320
NONO,1321
NOS2,1322
NOS3,1323
NOTCH3,1324
NOTCH4,1325
NOX1,1326
NOX4,1327
NPM1,1328
NR1H3,1329
NR2F2,1330
NR4A1,1331
NR4A2,1332
NRG1,1333
NRG2,1334
NRG3,1335
NRG4,1336
NSD1,1337
NT5C2,1338
NTF3,1339
NTF4,1340
NTHL1,1341
NTN4,1342
NTRK1,1343
NTRK2,1344
NTRK3,1345
NUMA1,1346
NUP107,1347
NUP93,1348
NUP98,1349
NUTM1,1350
NUTM2A,1351
OGG1,1352
OLR1,1353
OMD,1354
ORC2,1355
ORC3,1356
ORC4,1357
ORC5,1358
ORC6,1359
ORM1,1360
ORM2,1361
OSM,1362
OSMR,1363
P2RX7,1364
P2RY8,1365
PABPC1,1366
PABPC3,1367
PAK1,1368
PAK3,1369
PAK4,1370
PAK5,1371
PAK6,1372
PALB2,1373
PARD3,1374
PARD6A,1375
PARP1,1376
PARP2,1377
PARP3,1378
PARVA,1379
PARVB,1380
PARVG,1381
PAX3,1382
PAX5,1383
PAX8,1384
PBX1,1385
PCBP1,1386
PCDH18,1387
PCK1,1388
PCK2,1389
PCM1,1390
PCNA,1391
PCSK5,1392
PCSK6,1393
PCSK7,1394
PDCD1,1395
PDCD1LG2,1396
PDE4DIP,1397
PDGFA,1398
PDGFC,1399
PDGFRB,1400
PDHA1,1401
PDHA2,1402
PDHB,1403
PDK1,1404
PDPK1,1405
PDPN,1406
PER1,1407
PERP,1408
PF4,1409
PF4V1,1410
PFKL,1411
PFKM,1412
PFKP,1413
PGAM1,1414
PGAM2,1415
PGAM4,1416
PGF,1417
PGK1,1418
PGK2,1419
PGM1,1420
PGM2,1421
PGR,1422
PHF6,1423
PHLPP1,1424
PIAS1,1425
PIAS2,1426
PIAS3,1427
PIAS4,1428
PICALM,1429
PIDD1,1430
PIK3AP1,1431
PIK3C2A,1432
PIK3C2B,1433
PIK3C2G,1434
PIK3C3,1435
PIK3CD,1436
PIK3CG,1437
PIK3R1,1438
PIK3R2,1439
PIK3R3,1440
PIK3R4,1441
PIK3R5,1442
PIK3R6,1443
PIP5K1A,1444
PIP5K1C,1445
PITX2,1446
PKLR,1447
PKM,1448
PKMYT1,1449
PLA2G10,1450
PLA2G12A,1451
PLA2G12B,1452
PLA2G1B,1453
PLA2G2A,1454
PLA2G2C,1455
PLA2G2D,1456
PLA2G2E,1457
PLA2G2F,1458
PLA2G3,1459
PLA2G4A,1460
PLA2G4B,1461
PLA2G4C,1462
PLA2G4E,1463
PLA2G5,1464
PLA2G6,1465
PLA2G7,1466
PLAG1,1467
PLCB1,1468
PLCB2,1469
PLCB3,1470
PLCB4,1471
PLCG1,1472
PLCG2,1473
PLD1,1474
PLEKHO2,1475
PLIN1,1476
PLK1,1477
PLTP,1478
PLXNA1,1479
PLXNB2,1480
PMAIP1,1481
PMS1,1482
PMS2,1483
POLB,1484
POLD1,1485
POLD2,1486
POLD3,1487
POLD4,1488
POLE,1489
POLE2,1490
POLE3,1491
POLE4,1492
POLL,1493
POLR2B,1494
POM121,1495
PORCN,1496
POT1,1497
PPARA,1498
PPARD,1499
PPARG,1500
PPBP,1501
PPFIBP1,1502
PPM1A,1503
PPM1B,1504
PPM1D,1505
PPP1CA,1506
PPP1CB,1507
PPP1CC,1508
PPP1R12A,1509
PPP2CA,1510
PPP2CB,1511
PPP2R1A,1512
PPP2R1B,1513
PPP2R5A,1514
PPP2R5B,1515
PPP2R5C,1516
PPP2R5D,1517
PPP2R5E,1518
PPP3CB,1519
PPP3CC,1520
PPP3R1,1521
PPP3R2,1522
PPP5C,1523
PRCC,1524
PRDX2,1525
PRDX5,1526
PRF1,1527
PRICKLE1,1528
PRICKLE2,1529
PRKAA1,1530
PRKAA2,1531
PRKACB,1532
PRKACG,1533
PRKAR1A,1534
PRKAR1B,1535
PRKAR2A,1536
PRKAR2B,1537
PRKCA,1538
PRKCB,1539
PRKCQ,1540
PRKCZ,1541
PRKDC,1542
PRKX,1543
PRL,1544
PRLR,1545
PROK2,1546
PROM1,1547
PRPF8,1548
PRRX1,1549
PSEN1,1550
PSIP1,1551
PSMA6,1552
PSMD11,1553
PSME3,1554
PTAFR,1555
PTCH2,1556
PTEN,1557
PTGES3,1558
PTGS1,1559
PTGS2,1560
PTK2,1561
PTK2B,1562
PTK6,1563
PTPN1,1564
PTPN11,1565
PTPN5,1566
PTPN6,1567
PTPN7,1568
PTPRB,1569
PTPRC,1570
PTPRD,1571
PTPRF,1572
PTPRJ,1573
PTPRM,1574
PTPRR,1575
PTPRU,1576
PTTG1,1577
PTTG2,1578
PTX3,1579
PWWP2A,1580
PXK,1581
PXN,1582
RABEP1,1583
RAC1,1584
RAC2,1585
RAC3,1586
RAD21,1587
RAD23A,1588
RAD23B,1589
RAD50,1590
RAD51,1591
RAD51B,1592
RAET1E,1593
RAET1G,1594
RAET1L,1595
RAF1,1596
RALA,1597
RALB,1598
RALBP1,1599
RANBP17,1600
RANBP2,1601
RAP1A,1602
RAP1B,1603
RAPGEF1,1604
RAPGEF2,1605
RARA,1606
RARB,1607
RASA1,1608
RASA2,1609
RASGRF1,1610
RASGRF2,1611
RASGRP1,1612
RASGRP2,1613
RASGRP3,1614
RASGRP4,1615
RASSF1,1616
RASSF5,1617
RBBP7,1618
RBL1,1619
RBL2,1620
RBM10,1621
RBM5,1622
RBX1,1623
RCHY1,1624
RECQL4,1625
REG3A,1626
REL,1627
RELA,1628
RELB,1629
RELN,1630
RELT,1631
RET,1632
RFC1,1633
RFC2,1634
RFC3,1635
RFC4,1636
RFC5,1637
RGS3,1638
RHEB,1639
RHOT1,1640
RICTOR,1641
RIPK1,1642
RIPK2,1643
RMI2,1644
RNF213,1645
RNF43,1646
ROBO2,1647
ROCK1,1648
ROCK2,1649
RPA1,1650
RPA2,1651
RPA3,1652
RPA4,1653
RPGR,1654
RPL10,1655
RPRM,1656
RPS6,1657
RPS6KA1,1658
RPS6KA2,1659
RPS6KA3,1660
RPS6KA4,1661
RPS6KA5,1662
RPS6KA6,1663
RPS6KB1,1664
RPS6KB2,1665
RPTOR,1666
RRAS,1667
RRAS2,1668
RRM2,1669
RRM2B,1670
RTEL1,1671
RTN4,1672
RUNX1T1,1673
RUVBL1,1674
RXRB,1675
RXRG,1676
RYR2,1677
S100A12,1678
S100A8,1679
S100A9,1680
S1PR3,1681
SAA1,1682
SAA4,1683
SAAL1,1684
SACS,1685
SBDS,1686
SCAI,1687
SCD,1688
SCD5,1689
SCG2,1690
SCP2,1691
SCUBE1,1692
SDC1,1693
SDC2,1694
SDC3,1695
SDC4,1696
SDHA,1697
SDHC,1698
SEC24D,1699
SEC31A,1700
SELENOS,1701
SELP,1702
SENP2,1703
SEPT5,1704
SEPT6,1705
SEPT9,1706
SERPINA1,1707
SERPINA3,1708
SERPINB5,1709
SERPINE1,1710
SESN1,1711
SESN2,1712
SESN3,1713
SETDB1,1714
SF3A3,1715
SF3B1,1716
SFN,1717
SFRP1,1718
SFRP2,1719
SFRP4,1720
SFRP5,1721
SGMS1,1722
SH2B3,1723
SH2D1A,1724
SH2D1B,1725
SH2D2A,1726
SH3BP2,1727
SHC1,1728
SHC2,1729
SHC3,1730
SHC4,1731
SHH,1732
SHISA5,1733
SHMT1,1734
SIAH1,1735
SIGIRR,1736
SIN3A,1737
SKP1,1738
SKP2,1739
SLC11A1,1740
SLC27A1,1741
SLC27A2,1742
SLC27A4,1743
SLC27A5,1744
SLC27A6,1745
SLC2A1,1746
SMAD1,1747
SMAD3,1748
SMAD5,1749
SMAD6,1750
SMAD7,1751
SMAD9,1752
SMARCA1,1753
SMARCD1,1754
SMARCE1,1755
SMC1A,1756
SMC1B,1757
SMC3,1758
SMG6,1759
SMO,1760
SMUG1,1761
SMURF1,1762
SMURF2,1763
SNAI1,1764
SNAI2,1765
SND1,1766
SOCS1,1767
SOCS2,1768
SOCS3,1769
SOCS4,1770
SOCS5,1771
SOCS7,1772
SORBS1,1773
SORCS3,1774
SORL1,1775
SOS1,1776
SOS2,1777
SOX17,1778
SOX9,1779
SP1,1780
SPECC1,1781
SPHK1,1782
SPHK2,1783
SPI1,1784
SPOP,1785
SPP1,1786
SPRED1,1787
SPRED2,1788
SPRR3,1789
SPRY1,1790
SPRY2,1791
SPRY3,1792
SPRY4,1793
SPTAN1,1794
SRC,1795
SRF,1796
SRGAP1,1797
SRGAP3,1798
SRSF2,1799
SS18L1,1800
SSBP1,1801
SSX1,1802
SSX2,1803
SSX2IP,1804
STAB1,1805
STAG1,1806
STAG2,1807
STAM,1808
STAM2,1809
STARD13,1810
STAT1,1811
STAT2,1812
STAT3,1813
STAT4,1814
STAT5A,1815
STAT5B,1816
STAT6,1817
STEAP3,1818
STIP1,1819
STK3,1820
STK36,1821
STK4,1822
STMN1,1823
STRADA,1824
STRN,1825
STS,1826
SUFU,1827
SUZ12,1828
SV2A,1829
SV2B,1830
SV2C,1831
SVEP1,1832
SYNCRIP,1833
TAB1,1834
TAB2,1835
TAC1,1836
TACR1,1837
TAF1,1838
TAF15,1839
TAOK1,1840
TAOK2,1841
TAOK3,1842
TBL1X,1843
TBL1Y,1844
TBX3,1845
TCEA1,1846
TCF12,1847
TCF7,1848
TCF7L1,1849
TCF7L2,1850
TCL1A,1851
TCL6,1852
TDG,1853
TEP1,1854
TERF1,1855
TERF2,1856
TERF2IP,1857
TERT,1858
TET1,1859
TFDP1,1860
TFDP2,1861
TFE3,1862
TFG,1863
TFPT,1864
TFRC,1865
TGFA,1866
TGFB1,1867
TGFB2,1868
TGFB3,1869
TGFBR1,1870
TGFBR2,1871
THBS1,1872
THBS2,1873
THBS3,1874
THBS4,1875
THRAP3,1876
TICAM1,1877
TICAM2,1878
TINF2,1879
TJP1,1880
TJP2,1881
TLN1,1882
TLN2,1883
TLR1,1884
TLR10,1885
TLR4,1886
TLR5,1887
TLR6,1888
TLR8,1889
TLX1,1890
TLX3,1891
TNF,1892
TNFAIP6,1893
TNFRSF10A,1894
TNFRSF10B,1895
TNFRSF10C,1896
TNFRSF10D,1897
TNFRSF11A,1898
TNFRSF11B,1899
TNFRSF12A,1900
TNFRSF13B,1901
TNFRSF13C,1902
TNFRSF17,1903
TNFRSF18,1904
TNFRSF19,1905
TNFRSF1A,1906
TNFRSF1B,1907
TNFRSF21,1908
TNFRSF25,1909
TNFRSF4,1910
TNFRSF6B,1911
TNFRSF8,1912
TNFRSF9,1913
TNFSF10,1914
TNFSF11,1915
TNFSF12,1916
TNFSF13,1917
TNFSF13B,1918
TNFSF14,1919
TNFSF15,1920
TNFSF18,1921
TNFSF4,1922
TNFSF8,1923
TNFSF9,1924
TNKS1BP1,1925
TNN,1926
TNPO1,1927
TNPO2,1928
TNR,1929
TNXB,1930
TOLLIP,1931
TOM1,1932
TOP1,1933
TP53,1934
TP53AIP1,1935
TP53BP1,1936
TP53I3,1937
TP73,1938
TPI1,1939
TPM3,1940
TPO,1941
TPR,1942
TPST1,1943
TRA,1944
TRADD,1945
TRAF1,1946
TRAF2,1947
TRAF3,1948
TRAF4,1949
TRAF5,1950
TRAF6,1951
TRAF7,1952
TRB,1953
TRERF1,1954
TRIM24,1955
TRIM27,1956
TRIO,1957
TRIP10,1958
TRIP11,1959
TRRAP,1960
TSC2,1961
TSHR,1962
TSLP,1963
TTK,1964
TTL,1965
TWIST1,1966
TXNIP,1967
TYK2,1968
TYROBP,1969
U2AF1,1970
UBC,1971
UBR5,1972
UCN,1973
UCP1,1974
ULBP1,1975
ULBP2,1976
ULBP3,1977
ULK1,1978
ULK2,1979
ULK3,1980
UNG,1981
UPF3B,1982
USP6,1983
USP8,1984
VANGL1,1985
VANGL2,1986
VASP,1987
VAV2,1988
VAV3,1989
VCL,1990
VEGFA,1991
VEGFB,1992
VEGFC,1993
VEGFD,1994
VHL,1995
VIM,1996
VNN1,1997
VTI1A,1998
VTN,1999
VWF,2000
WAS,2001
WASF1,2002
WASF2,2003
WASF3,2004
WASL,2005
WEE1,2006
WEE2,2007
WHSC1,2008
WHSC1L1,2009
WIF1,2010
WIPF1,2011
WNK1,2012
WNT1,2013
WNT10A,2014
WNT10B,2015
WNT16,2016
WNT2,2017
WNT2B,2018
WNT3,2019
WNT3A,2020
WNT4,2021
WNT5A,2022
WNT5B,2023
WNT6,2024
WNT7A,2025
WNT7B,2026
WNT8A,2027
WNT8B,2028
WNT9A,2029
WNT9B,2030
WRN,2031
WT1,2032
WWTR1,2033
XCL1,2034
XCL2,2035
XCR1,2036
XIAP,2037
XPC,2038
XPO1,2039
XRCC1,2040
XRCC5,2041
XRCC6,2042
XRN1,2043
YBX1,2044
YES1,2045
YWHAB,2046
YWHAE,2047
YWHAG,2048
YWHAH,2049
YWHAQ,2050
YWHAZ,2051
ZAP70,2052
ZBTB17,2053
ZC3H11A,2054
ZCCHC8,2055
ZEB1,2056
ZEB2,2057
ZFHX3,2058
ZFP36L1,2059
ZFP36L2,2060
ZFYVE16,2061
ZFYVE9,2062
ZMAT3,2063
ZNF292,2064
ZNF331,2065
ZNF384,2066
ZNF638,2067
ZNF814,2068
ZRSR2,2069
ZYX,2070
PRKCG,2071
ARFGEF2,2072
ELF1,2073
AFAP1L2,2074
ORC1,2075
GAPDHS,2076
PLAA,2077
MYL10,2078
NFIB,2079
SERPINF2,2080
ID1,2081
SIGLEC1,2082
WNT11,2083
ELF3,2084
PDGFD,2085
ZNF750,2086
ERBB2IP,2087
SLC45A3,2088
TIRAP,2089
NFAM1,2090
RSPO2,2091
ENDOD1,2092
SDHAF2,2093
REG3G,2094
C2orf44,2095
TERC,2096
IL17C,2097
SSX4,2098
IGL,2099
KIR2DL5A,2100
